{
  "hash": "7fe5d757",
  "configHash": "cbccb4f3",
  "lockfileHash": "88413aa2",
  "browserHash": "14f2b68f",
  "optimized": {
    "@angular/common": {
      "src": "../../../../../node_modules/@angular/common/fesm2022/common.mjs",
      "file": "@angular_common.js",
      "fileHash": "125dc429",
      "needsInterop": false
    },
    "@angular/common/http": {
      "src": "../../../../../node_modules/@angular/common/fesm2022/http.mjs",
      "file": "@angular_common_http.js",
      "fileHash": "f96f640e",
      "needsInterop": false
    },
    "@angular/core": {
      "src": "../../../../../node_modules/@angular/core/fesm2022/core.mjs",
      "file": "@angular_core.js",
      "fileHash": "8b8fa461",
      "needsInterop": false
    },
    "@angular/forms": {
      "src": "../../../../../node_modules/@angular/forms/fesm2022/forms.mjs",
      "file": "@angular_forms.js",
      "fileHash": "4f64d9ea",
      "needsInterop": false
    },
    "@angular/platform-browser": {
      "src": "../../../../../node_modules/@angular/platform-browser/fesm2022/platform-browser.mjs",
      "file": "@angular_platform-browser.js",
      "fileHash": "bf590ee9",
      "needsInterop": false
    },
    "@angular/router": {
      "src": "../../../../../node_modules/@angular/router/fesm2022/router.mjs",
      "file": "@angular_router.js",
      "fileHash": "044855e1",
      "needsInterop": false
    }
  },
  "chunks": {
    "chunk-I5KCAP2K": {
      "file": "chunk-I5KCAP2K.js"
    },
    "chunk-Y6YAI5GD": {
      "file": "chunk-Y6YAI5GD.js"
    },
    "chunk-YB7WXP4O": {
      "file": "chunk-YB7WXP4O.js"
    },
    "chunk-5YL2E2YL": {
      "file": "chunk-5YL2E2YL.js"
    }
  }
}